filename,notes,authors,licenses,urls
"body/bodies/male/walk/light.png","see details at https://opengameart.org/content/lpc-character-bases; 'Thick' Male Revised Run/Climb by JaidynReiman (based on ElizaWy's LPC Revised)","bluecarrot16, JaidynReiman, Benjamin K. Smith (BenCreating), Evert, Eliza Wyatt (ElizaWy), TheraHedwig, MuffinElZangano, Durrani, Johannes Sjölund (wulax), Stephen Challener (Redshrike)","OGA-BY 3.0, CC-BY-SA 3.0, GPL 3.0","https://opengameart.org/content/liberated-pixel-cup-lpc-base-assets-sprites-map-tiles, https://opengameart.org/content/lpc-medieval-fantasy-character-sprites, https://opengameart.org/content/lpc-male-jumping-animation-by-durrani, https://opengameart.org/content/lpc-runcycle-and-diagonal-walkcycle, https://opengameart.org/content/lpc-revised-character-basics, https://opengameart.org/content/lpc-be-seated, https://opengameart.org/content/lpc-runcycle-for-male-muscular-and-pregnant-character-bases-with-modular-heads, https://opengameart.org/content/lpc-jump-expanded, https://opengameart.org/content/lpc-character-bases"
"head/heads/human/male_gaunt/walk/light.png","original head by Redshrike, gaunt version by bluecarrot16","Stephen Challener (Redshrike), bluecarrot16","OGA-BY 3.0, CC-BY-SA 3.0, GPL 3.0","https://opengameart.org/content/liberated-pixel-cup-lpc-base-assets-sprites-map-tiles, https://opengameart.org/content/lpc-folk"
"head/faces/male/anger/walk/light.png","Original by Redshrike, Expressions by ElizaWy, mapped to all frames by JaidynReiman","JaidynReiman, ElizaWy, Stephen Challener (Redshrike)","OGA-BY 3.0","https://github.com/ElizaWy/LPC/tree/main/Characters/Head, https://opengameart.org/content/ulpc-expanded-expressions"
"shadow/adult/walk/shadow.png","","drjamgo@hotmail.com","CC0","https://opengameart.org/content/shadow-for-lpc-sprite"
"eyes/human/undefined/anger/walk/blue.png","original by Redshrike, mapped to all frames by Matthew Krohn & JaidynReiman","JaidynReiman, Matthew Krohn (makrohn), Stephen Challener (Redshrike)","OGA-BY 3.0, CC-BY-SA 3.0, GPL 3.0","https://opengameart.org/content/liberated-pixel-cup-lpc-base-assets-sprites-map-tiles"
"eyes/eyebrows/thick/adult/walk/sandy.png","","ElizaWy","OGA-BY 3.0","https://github.com/ElizaWy/LPC/tree/main/Characters/Hair, https://opengameart.org/content/lpc-expanded-sit-run-jump-more"
"head/ears/big/adult/walk/light.png","adapted to v3 base by bluecarrot16; expanded to other animations and child by JaidynReiman","JaidynReiman, bluecarrot16, Thane Brimhall (pennomi), laetissima, Matthew Krohn (makrohn)","GPL 3.0, CC-BY-SA 3.0","https://opengameart.org/content/lpc-base-character-expressions, http://opengameart.org/content/lpc-clothing-updates"
"head/nose/button/adult/walk/light.png","","Thane Brimhall (pennomi), laetissima, Matthew Krohn (makrohn)","GPL 3.0, CC-BY-SA 3.0","https://opengameart.org/content/lpc-base-character-expressions"
"neck/necklace/simple/male/walk/steel.png","","bluecarrot16","CC0","https://opengameart.org/content/lpc-jewelry"
"hair/halfmessy/adult/walk/ash.png","","Nila122, bluecarrot16","OGA-BY 3.0, CC-BY-SA 3.0, GPL 3.0, GPL 2.0","https://opengameart.org/content/more-lpc-clothes-and-hair, https://opengameart.org/content/lpc-hair"
"hat/pirate/cavalier/feather/adult/walk/white.png","Cavalier Hat by Bluecarrot16, layers and added animations by JaidynReiman","bluecarrot16, JaidynReiman","OGA-BY 3.0","https://opengameart.org/content/lpc-pirates, https://opengameart.org/content/lpc-expanded-hats-facial-helmets"
"torso/clothes/longsleeve/longsleeves2/male/walk/maroon.png","original by ElizaWy; spellcast/thrust/shoot/hurt/male/standalone sleeves adapted from original by JaidynReiman","ElizaWy, JaidynReiman, Stephen Challener (Redshrike), Johannes Sjölund (wulax)","OGA-BY 3.0","http://opengameart.org/content/lpc-revised-character-basics, https://github.com/ElizaWy/LPC/tree/main/Characters/Clothing, https://opengameart.org/content/lpc-expanded-sit-run-jump-more, https://opengameart.org/content/lpc-expanded-simple-shirts"
"torso/jacket/frock/male/walk/maroon.png","","bluecarrot16","CC-BY-SA 3.0","https://opengameart.org/content/lpc-pirates"
"torso/clothes/shortsleeve/shortsleeve/male/walk/navy.png","original by ElizaWy walkcycle only; extended to all animations by adapting from longsleeve, edited to v3 bases by bluecarrot16; cleanup and climb/jump/run/sit/emote/revised combat adapted from LPC Revised by JaidynReiman","bluecarrot16, ElizaWy, JaidynReiman, Stephen Challener (Redshrike)","OGA-BY 3.0, CC-BY-SA 3.0, GPL 3.0","https://opengameart.org/content/liberated-pixel-cup-lpc-base-assets-sprites-map-tiles, http://opengameart.org/content/lpc-revised-character-basics, http://opengameart.org/content/lpc-clothing-updates, https://github.com/ElizaWy/LPC/tree/main/Characters/Clothing, https://opengameart.org/content/lpc-expanded-sit-run-jump-more, https://opengameart.org/content/lpc-expanded-simple-shirts"
"legs/formal/male/walk/orange.png","Original pants by Stephen Challener (Redshrike), thrust/shoot bases by Wulax, Formal Pants by Bluecarrot16, climb/jump/run/sit/emotes/revised combat by JaidynReiman","bluecarrot16, JaidynReiman, ElizaWy, Johannes Sjölund (wulax), Stephen Challener (Redshrike)","OGA-BY 3.0, CC-BY-SA 3.0, GPL 3.0","https://opengameart.org/content/liberated-pixel-cup-lpc-base-assets-sprites-map-tiles, https://opengameart.org/content/lpc-medieval-fantasy-character-sprites, https://opengameart.org/content/lpc-2-characters, https://opengameart.org/content/lpc-gentleman, https://opengameart.org/content/lpc-expanded-pants"
"feet/boots/basic/male/walk/rose.png","original by Nila122, edited for male and v3 bases by bluecarrot16, Jump/Sit/Emote/Run/Revised Combat by JaidynReiman","JaidynReiman, bluecarrot16, Nila122","OGA-BY 3.0, CC-BY-SA 3.0, GPL 2.0, GPL 3.0","https://opengameart.org/content/lpc-clothes-and-hair, https://opengameart.org/content/lpc-expanded-socks-shoes"
"weapon/sword/longsword/walk/longsword.png","","Johannes Sjölund (wulax), bluecarrot16","OGA-BY 3.0, CC-BY-SA 3.0","https://opengameart.org/content/lpc-medieval-fantasy-character-sprites, https://opengameart.org/content/lpc-extended-weapon-animations"
