{
  "exportTimestamp": "2026-02-03T10-42-58",
  "bodyType": "male",
  "frameSize": 64,
  "structure": {
    "standard": {
      "exported": [
        "spellcast",
        "thrust",
        "walk",
        "slash",
        "shoot",
        "hurt",
        "climb",
        "idle",
        "jump",
        "sit",
        "emote",
        "run",
        "watering",
        "combat",
        "1h_slash",
        "1h_backslash",
        "1h_halfslash"
      ],
      "failed": []
    },
    "custom": {
      "exported": [
        "slash_oversize",
        "slash_reverse_oversize",
        "thrust_oversize"
      ],
      "failed": []
    }
  },
  "animationConfigs": {
    "spellcast": {
      "row": 0,
      "num": 4,
      "cycle": [
        0,
        1,
        2,
        3,
        4,
        5,
        6
      ]
    },
    "thrust": {
      "row": 4,
      "num": 4,
      "cycle": [
        0,
        1,
        2,
        3,
        4,
        5,
        6,
        7
      ]
    },
    "walk": {
      "row": 8,
      "num": 4,
      "cycle": [
        1,
        2,
        3,
        4,
        5,
        6,
        7,
        8
      ]
    },
    "slash": {
      "row": 12,
      "num": 4,
      "cycle": [
        0,
        1,
        2,
        3,
        4,
        5
      ]
    },
    "shoot": {
      "row": 16,
      "num": 4,
      "cycle": [
        0,
        1,
        2,
        3,
        4,
        5,
        6,
        7,
        8,
        9,
        10,
        11,
        12
      ]
    },
    "hurt": {
      "row": 20,
      "num": 1,
      "cycle": [
        0,
        1,
        2,
        3,
        4,
        5
      ]
    },
    "climb": {
      "row": 21,
      "num": 1,
      "cycle": [
        0,
        1,
        2,
        3,
        4,
        5
      ]
    },
    "idle": {
      "row": 22,
      "num": 4,
      "cycle": [
        0,
        0,
        1
      ]
    },
    "jump": {
      "row": 26,
      "num": 4,
      "cycle": [
        0,
        1,
        2,
        3,
        4,
        1
      ]
    },
    "sit": {
      "row": 30,
      "num": 4,
      "cycle": [
        0,
        0,
        0,
        0,
        0,
        1,
        1,
        1,
        1,
        1,
        2,
        2,
        2,
        2,
        2
      ]
    },
    "emote": {
      "row": 34,
      "num": 4,
      "cycle": [
        0,
        0,
        0,
        0,
        0,
        1,
        1,
        1,
        1,
        1,
        2,
        2,
        2,
        2,
        2
      ]
    },
    "run": {
      "row": 38,
      "num": 4,
      "cycle": [
        0,
        1,
        2,
        3,
        4,
        5,
        6,
        7
      ]
    },
    "watering": {
      "row": 4,
      "num": 4,
      "cycle": [
        0,
        1,
        4,
        4,
        4,
        4,
        5
      ]
    },
    "combat": {
      "row": 42,
      "num": 4,
      "cycle": [
        0,
        0,
        1
      ]
    },
    "1h_slash": {
      "row": 46,
      "num": 4,
      "cycle": [
        0,
        1,
        2,
        3,
        4,
        5,
        6
      ]
    },
    "1h_backslash": {
      "row": 46,
      "num": 4,
      "cycle": [
        0,
        1,
        2,
        3,
        4,
        5,
        7,
        8,
        9,
        10,
        11,
        12
      ]
    },
    "1h_halfslash": {
      "row": 50,
      "num": 4,
      "cycle": [
        0,
        1,
        2,
        3,
        4,
        5
      ]
    }
  },
  "directions": [
    "up",
    "down",
    "left",
    "right"
  ],
  "note": "Individual animation frames organized by standard/custom > animation > direction > frame number"
}