filename,notes,authors,licenses,urls
"body/bodies/skeleton/walk/skeleton.png","","bluecarrot16, Johannes Sjölund (wulax), Stephen Challener (Redshrike)","OGA-BY 3.0, CC-BY-SA 3.0, GPL 3.0","https://opengameart.org/content/liberated-pixel-cup-lpc-base-assets-sprites-map-tiles, https://opengameart.org/content/lpc-medieval-fantasy-character-sprites, https://opengameart.org/content/lpc-skeleton, https://opengameart.org/content/lpc-character-bases"
"head/heads/skeleton/adult/walk/skeleton.png","","bluecarrot16, Johannes Sjölund (wulax), Stephen Challener (Redshrike)","OGA-BY 3.0, CC-BY-SA 3.0, GPL 3.0","https://opengameart.org/content/liberated-pixel-cup-lpc-base-assets-sprites-map-tiles, https://opengameart.org/content/lpc-medieval-fantasy-character-sprites, https://opengameart.org/content/lpc-skeleton, https://opengameart.org/content/lpc-character-bases"
"head/faces/undefined/neutral/walk/light.png","Original by Redshrike, Expressions by ElizaWy, mapped to all frames by JaidynReiman","JaidynReiman, ElizaWy, Stephen Challener (Redshrike)","OGA-BY 3.0","https://github.com/ElizaWy/LPC/tree/main/Characters/Head, https://opengameart.org/content/ulpc-expanded-expressions"
"weapon/sword/saber/walk/saber.png","","Daniel Eddeland (daneeklu), Johannes Sjölund (wulax), gr3yh47, bluecarrot16","CC-BY-SA 3.0","https://opengameart.org/content/lpc-medieval-fantasy-character-sprites, https://opengameart.org/content/lpc-extended-weapon-animations"
