{
  "version": 2,
  "bodyType": "male",
  "selections": {
    "body": {
      "itemId": "body",
      "variant": "light",
      "name": "Body Color (light)"
    },
    "head": {
      "itemId": "heads_human_male_gaunt",
      "variant": "light",
      "name": "Human Male Gaunt (light)"
    },
    "expression": {
      "itemId": "face_angry",
      "variant": "light",
      "name": "Angry (light)"
    },
    "shadow": {
      "itemId": "shadow",
      "variant": "shadow",
      "name": "Shadow (shadow)"
    },
    "eye_color": {
      "itemId": "eye_color",
      "variant": "blue",
      "name": "Eye Color (blue)"
    },
    "eyebrows": {
      "itemId": "eyebrows_thick",
      "variant": "sandy",
      "name": "Thick Eyebrows (sandy)"
    },
    "ears": {
      "itemId": "head_ears_big",
      "variant": "light",
      "name": "Big ears (light)"
    },
    "nose": {
      "itemId": "head_nose_button",
      "variant": "light",
      "name": "Button nose (light)"
    },
    "necklace": {
      "itemId": "neck_necklace_simple",
      "variant": "steel",
      "name": "Simple Necklace (steel)"
    },
    "hair": {
      "itemId": "hair_halfmessy",
      "variant": "ash",
      "name": "Halfmessy (ash)"
    },
    "hat_accessory": {
      "itemId": "hat_cap_cavalier_feather",
      "variant": "white",
      "name": "Cavalier feather (white)"
    },
    "sleeves": {
      "itemId": "torso_clothes_longsleeves2",
      "variant": "maroon",
      "name": "Longsleeves 2 Overlay (maroon)"
    },
    "jacket": {
      "itemId": "torso_jacket_frock",
      "variant": "maroon",
      "name": "Frock coat (maroon)"
    },
    "clothes": {
      "itemId": "torso_clothes_shortsleeve",
      "variant": "navy",
      "name": "Shortsleeve (navy)"
    },
    "legs": {
      "itemId": "legs_formal",
      "variant": "orange",
      "name": "Formal Pants (orange)"
    },
    "shoes": {
      "itemId": "feet_boots_basic",
      "variant": "rose",
      "name": "Basic Boots (rose)"
    },
    "weapon": {
      "itemId": "weapon_sword_longsword",
      "variant": "longsword",
      "name": "Longsword (longsword)"
    }
  },
  "selectedAnimation": "walk",
  "showTransparencyGrid": true,
  "applyTransparencyMask": false,
  "matchBodyColorEnabled": true,
  "compactDisplay": false,
  "enabledLicenses": {
    "CC0": true,
    "CC-BY-SA": true,
    "CC-BY": true,
    "OGA-BY": true,
    "GPL": true
  },
  "enabledAnimations": {
    "spellcast": false,
    "thrust": false,
    "walk": false,
    "slash": false,
    "shoot": false,
    "hurt": false,
    "climb": false,
    "idle": false,
    "jump": false,
    "sit": false,
    "emote": false,
    "run": false,
    "watering": false,
    "combat": false,
    "1h_slash": false,
    "1h_backslash": false,
    "1h_halfslash": false
  },
  "url": "https://liberatedpixelcup.github.io/Universal-LPC-Spritesheet-Character-Generator/#sex=male&body=Body_Color_light&head=Human_Male_Gaunt_light&expression=Angry_light&shadow=Shadow_shadow&eye_color=Eye_Color_blue&eyebrows=Thick_Eyebrows_sandy&ears=Big_ears_light&nose=Button_nose_light&necklace=Simple_Necklace_steel&hair=Halfmessy_ash&hat_accessory=Cavalier_feather_white&sleeves=Longsleeves_2_Overlay_maroon&jacket=Frock_coat_maroon&clothes=Shortsleeve_navy&legs=Formal_Pants_orange&shoes=Basic_Boots_rose&weapon=Longsword_longsword",
  "layers": [
    {
      "itemId": "shadow",
      "variant": "shadow",
      "zPos": 0,
      "layerNum": 1,
      "yPos": 0,
      "isCustom": false,
      "fileName": "shadow/adult/spellcast/shadow.png",
      "supportedAnimations": [
        "spellcast",
        "thrust",
        "walk",
        "slash",
        "shoot",
        "hurt"
      ]
    },
    {
      "itemId": "weapon_sword_longsword",
      "variant": "longsword",
      "zPos": 9,
      "layerNum": 2,
      "yPos": 512,
      "isCustom": false,
      "fileName": "weapon/sword/longsword/universal_behind/walk/longsword.png",
      "supportedAnimations": [
        "walk",
        "hurt"
      ]
    },
    {
      "itemId": "body",
      "variant": "light",
      "zPos": 20,
      "layerNum": 1,
      "yPos": 0,
      "isCustom": false,
      "fileName": "body/bodies/male/spellcast/light.png",
      "supportedAnimations": [
        "spellcast",
        "thrust",
        "walk",
        "slash",
        "shoot",
        "hurt",
        "climb",
        "idle",
        "jump",
        "sit",
        "emote",
        "run",
        "combat_idle",
        "backslash",
        "halfslash"
      ]
    },
    {
      "itemId": "legs_formal",
      "variant": "orange",
      "zPos": 20,
      "layerNum": 1,
      "yPos": 0,
      "isCustom": false,
      "fileName": "legs/formal/male/spellcast/orange.png",
      "supportedAnimations": [
        "spellcast",
        "thrust",
        "walk",
        "slash",
        "shoot",
        "hurt",
        "climb",
        "idle",
        "jump",
        "sit",
        "emote",
        "run",
        "combat_idle",
        "backslash",
        "halfslash"
      ]
    },
    {
      "itemId": "feet_boots_basic",
      "variant": "rose",
      "zPos": 25,
      "layerNum": 1,
      "yPos": 0,
      "isCustom": false,
      "fileName": "feet/boots/basic/male/spellcast/rose.png",
      "supportedAnimations": [
        "spellcast",
        "thrust",
        "walk",
        "slash",
        "shoot",
        "hurt",
        "climb",
        "idle",
        "jump",
        "sit",
        "emote",
        "run",
        "combat_idle",
        "backslash",
        "halfslash"
      ]
    },
    {
      "itemId": "torso_clothes_shortsleeve",
      "variant": "navy",
      "zPos": 35,
      "layerNum": 1,
      "yPos": 0,
      "isCustom": false,
      "fileName": "torso/clothes/shortsleeve/shortsleeve/male/spellcast/navy.png",
      "supportedAnimations": [
        "spellcast",
        "thrust",
        "walk",
        "slash",
        "shoot",
        "hurt",
        "climb",
        "idle",
        "jump",
        "sit",
        "emote",
        "run",
        "combat_idle",
        "backslash",
        "halfslash"
      ]
    },
    {
      "itemId": "torso_clothes_longsleeves2",
      "variant": "maroon",
      "zPos": 36,
      "layerNum": 1,
      "yPos": 0,
      "isCustom": false,
      "fileName": "torso/clothes/longsleeve/longsleeves2/male/spellcast/maroon.png",
      "supportedAnimations": [
        "spellcast",
        "thrust",
        "walk",
        "slash",
        "shoot",
        "hurt",
        "climb",
        "idle",
        "jump",
        "sit",
        "emote",
        "run",
        "combat_idle",
        "backslash",
        "halfslash"
      ]
    },
    {
      "itemId": "torso_jacket_frock",
      "variant": "maroon",
      "zPos": 55,
      "layerNum": 1,
      "yPos": 0,
      "isCustom": false,
      "fileName": "torso/jacket/frock/male/spellcast/maroon.png",
      "supportedAnimations": [
        "spellcast",
        "thrust",
        "walk",
        "slash",
        "shoot",
        "hurt"
      ]
    },
    {
      "itemId": "neck_necklace_simple",
      "variant": "steel",
      "zPos": 80,
      "layerNum": 1,
      "yPos": 0,
      "isCustom": false,
      "fileName": "neck/necklace/simple/male/spellcast/steel.png",
      "supportedAnimations": [
        "spellcast",
        "thrust",
        "walk",
        "slash",
        "shoot",
        "hurt",
        "idle"
      ]
    },
    {
      "itemId": "heads_human_male_gaunt",
      "variant": "light",
      "zPos": 100,
      "layerNum": 1,
      "yPos": 0,
      "isCustom": false,
      "fileName": "head/heads/human/male_gaunt/spellcast/light.png",
      "supportedAnimations": [
        "spellcast",
        "thrust",
        "walk",
        "slash",
        "shoot",
        "hurt",
        "climb",
        "idle",
        "jump",
        "sit",
        "emote",
        "run",
        "combat_idle",
        "backslash",
        "halfslash"
      ]
    },
    {
      "itemId": "face_angry",
      "variant": "light",
      "zPos": 101,
      "layerNum": 1,
      "yPos": 0,
      "isCustom": false,
      "fileName": "head/faces/male/anger/spellcast/light.png",
      "supportedAnimations": [
        "spellcast",
        "thrust",
        "walk",
        "slash",
        "shoot",
        "idle",
        "jump",
        "sit",
        "emote",
        "run",
        "combat_idle",
        "backslash",
        "halfslash"
      ]
    },
    {
      "itemId": "eye_color",
      "variant": "blue",
      "zPos": 105,
      "layerNum": 1,
      "yPos": 0,
      "isCustom": false,
      "fileName": "eyes/human/undefined/anger/spellcast/blue.png",
      "supportedAnimations": [
        "spellcast",
        "thrust",
        "walk",
        "slash",
        "shoot",
        "hurt",
        "climb",
        "idle",
        "jump",
        "sit",
        "emote",
        "run",
        "combat_idle",
        "backslash",
        "halfslash"
      ]
    },
    {
      "itemId": "head_ears_big",
      "variant": "light",
      "zPos": 105,
      "layerNum": 1,
      "yPos": 0,
      "isCustom": false,
      "fileName": "head/ears/big/adult/spellcast/light.png",
      "supportedAnimations": [
        "spellcast",
        "thrust",
        "walk",
        "slash",
        "shoot",
        "hurt",
        "climb",
        "idle",
        "jump",
        "sit",
        "emote",
        "run",
        "combat_idle",
        "backslash",
        "halfslash"
      ]
    },
    {
      "itemId": "head_nose_button",
      "variant": "light",
      "zPos": 105,
      "layerNum": 1,
      "yPos": 0,
      "isCustom": false,
      "fileName": "head/nose/button/adult/spellcast/light.png",
      "supportedAnimations": [
        "spellcast",
        "thrust",
        "walk",
        "slash",
        "shoot",
        "hurt",
        "climb",
        "idle",
        "jump",
        "sit",
        "emote",
        "run",
        "combat_idle",
        "backslash",
        "halfslash"
      ]
    },
    {
      "itemId": "eyebrows_thick",
      "variant": "sandy",
      "zPos": 106,
      "layerNum": 1,
      "yPos": 0,
      "isCustom": false,
      "fileName": "eyes/eyebrows/thick/adult/spellcast/sandy.png",
      "supportedAnimations": [
        "spellcast",
        "thrust",
        "walk",
        "slash",
        "shoot",
        "hurt",
        "climb",
        "idle",
        "jump",
        "sit",
        "emote",
        "run",
        "combat_idle",
        "backslash",
        "halfslash"
      ]
    },
    {
      "itemId": "hair_halfmessy",
      "variant": "ash",
      "zPos": 120,
      "layerNum": 1,
      "yPos": 0,
      "isCustom": false,
      "fileName": "hair/halfmessy/adult/spellcast/ash.png",
      "supportedAnimations": [
        "spellcast",
        "thrust",
        "walk",
        "slash",
        "shoot",
        "hurt",
        "climb",
        "idle",
        "jump",
        "sit",
        "emote",
        "run",
        "combat_idle",
        "backslash",
        "halfslash"
      ]
    },
    {
      "itemId": "hat_cap_cavalier_feather",
      "variant": "white",
      "zPos": 131,
      "layerNum": 1,
      "yPos": 0,
      "isCustom": false,
      "fileName": "hat/pirate/cavalier/feather/adult/spellcast/white.png",
      "supportedAnimations": [
        "spellcast",
        "thrust",
        "walk",
        "slash",
        "shoot",
        "hurt",
        "climb",
        "idle",
        "jump",
        "sit",
        "emote",
        "run",
        "combat_idle",
        "backslash",
        "halfslash"
      ]
    },
    {
      "itemId": "weapon_sword_longsword",
      "variant": "longsword",
      "zPos": 140,
      "layerNum": 1,
      "yPos": 512,
      "isCustom": false,
      "fileName": "weapon/sword/longsword/walk/longsword.png",
      "supportedAnimations": [
        "walk",
        "hurt"
      ]
    }
  ],
  "credits": [
    {
      "fileName": "body/bodies/male/walk/light.png",
      "file": "body/bodies/male",
      "notes": "see details at https://opengameart.org/content/lpc-character-bases; 'Thick' Male Revised Run/Climb by JaidynReiman (based on ElizaWy's LPC Revised)",
      "authors": [
        "bluecarrot16",
        "JaidynReiman",
        "Benjamin K. Smith (BenCreating)",
        "Evert",
        "Eliza Wyatt (ElizaWy)",
        "TheraHedwig",
        "MuffinElZangano",
        "Durrani",
        "Johannes Sjölund (wulax)",
        "Stephen Challener (Redshrike)"
      ],
      "licenses": [
        "OGA-BY 3.0",
        "CC-BY-SA 3.0",
        "GPL 3.0"
      ],
      "urls": [
        "https://opengameart.org/content/liberated-pixel-cup-lpc-base-assets-sprites-map-tiles",
        "https://opengameart.org/content/lpc-medieval-fantasy-character-sprites",
        "https://opengameart.org/content/lpc-male-jumping-animation-by-durrani",
        "https://opengameart.org/content/lpc-runcycle-and-diagonal-walkcycle",
        "https://opengameart.org/content/lpc-revised-character-basics",
        "https://opengameart.org/content/lpc-be-seated",
        "https://opengameart.org/content/lpc-runcycle-for-male-muscular-and-pregnant-character-bases-with-modular-heads",
        "https://opengameart.org/content/lpc-jump-expanded",
        "https://opengameart.org/content/lpc-character-bases"
      ]
    },
    {
      "fileName": "head/heads/human/male_gaunt/walk/light.png",
      "file": "head/heads/human/male_gaunt",
      "notes": "original head by Redshrike, gaunt version by bluecarrot16",
      "authors": [
        "Stephen Challener (Redshrike)",
        "bluecarrot16"
      ],
      "licenses": [
        "OGA-BY 3.0",
        "CC-BY-SA 3.0",
        "GPL 3.0"
      ],
      "urls": [
        "https://opengameart.org/content/liberated-pixel-cup-lpc-base-assets-sprites-map-tiles",
        "https://opengameart.org/content/lpc-folk"
      ]
    },
    {
      "fileName": "head/faces/male/anger/walk/light.png",
      "file": "head/faces",
      "notes": "Original by Redshrike, Expressions by ElizaWy, mapped to all frames by JaidynReiman",
      "authors": [
        "JaidynReiman",
        "ElizaWy",
        "Stephen Challener (Redshrike)"
      ],
      "licenses": [
        "OGA-BY 3.0"
      ],
      "urls": [
        "https://github.com/ElizaWy/LPC/tree/main/Characters/Head",
        "https://opengameart.org/content/ulpc-expanded-expressions"
      ]
    },
    {
      "fileName": "shadow/adult/walk/shadow.png",
      "file": "shadow",
      "notes": "",
      "authors": [
        "drjamgo@hotmail.com"
      ],
      "licenses": [
        "CC0"
      ],
      "urls": [
        "https://opengameart.org/content/shadow-for-lpc-sprite"
      ]
    },
    {
      "fileName": "eyes/human/undefined/anger/walk/blue.png",
      "file": "eyes/human",
      "notes": "original by Redshrike, mapped to all frames by Matthew Krohn & JaidynReiman",
      "authors": [
        "JaidynReiman",
        "Matthew Krohn (makrohn)",
        "Stephen Challener (Redshrike)"
      ],
      "licenses": [
        "OGA-BY 3.0",
        "CC-BY-SA 3.0",
        "GPL 3.0"
      ],
      "urls": [
        "https://opengameart.org/content/liberated-pixel-cup-lpc-base-assets-sprites-map-tiles"
      ]
    },
    {
      "fileName": "eyes/eyebrows/thick/adult/walk/sandy.png",
      "file": "eyes/eyebrows/thick",
      "notes": "",
      "authors": [
        "ElizaWy"
      ],
      "licenses": [
        "OGA-BY 3.0"
      ],
      "urls": [
        "https://github.com/ElizaWy/LPC/tree/main/Characters/Hair",
        "https://opengameart.org/content/lpc-expanded-sit-run-jump-more"
      ]
    },
    {
      "fileName": "head/ears/big/adult/walk/light.png",
      "file": "head/ears/big",
      "notes": "adapted to v3 base by bluecarrot16; expanded to other animations and child by JaidynReiman",
      "authors": [
        "JaidynReiman",
        "bluecarrot16",
        "Thane Brimhall (pennomi)",
        "laetissima",
        "Matthew Krohn (makrohn)"
      ],
      "licenses": [
        "GPL 3.0",
        "CC-BY-SA 3.0"
      ],
      "urls": [
        "https://opengameart.org/content/lpc-base-character-expressions",
        "http://opengameart.org/content/lpc-clothing-updates"
      ]
    },
    {
      "fileName": "head/nose/button/adult/walk/light.png",
      "file": "head/nose/button",
      "notes": "",
      "authors": [
        "Thane Brimhall (pennomi)",
        "laetissima",
        "Matthew Krohn (makrohn)"
      ],
      "licenses": [
        "GPL 3.0",
        "CC-BY-SA 3.0"
      ],
      "urls": [
        "https://opengameart.org/content/lpc-base-character-expressions"
      ]
    },
    {
      "fileName": "neck/necklace/simple/male/walk/steel.png",
      "file": "neck/necklace/simple",
      "notes": "",
      "authors": [
        "bluecarrot16"
      ],
      "licenses": [
        "CC0"
      ],
      "urls": [
        "https://opengameart.org/content/lpc-jewelry"
      ]
    },
    {
      "fileName": "hair/halfmessy/adult/walk/ash.png",
      "file": "hair/halfmessy",
      "notes": "",
      "authors": [
        "Nila122",
        "bluecarrot16"
      ],
      "licenses": [
        "OGA-BY 3.0",
        "CC-BY-SA 3.0",
        "GPL 3.0",
        "GPL 2.0"
      ],
      "urls": [
        "https://opengameart.org/content/more-lpc-clothes-and-hair",
        "https://opengameart.org/content/lpc-hair"
      ]
    },
    {
      "fileName": "hat/pirate/cavalier/feather/adult/walk/white.png",
      "file": "hat/pirate/cavalier",
      "notes": "Cavalier Hat by Bluecarrot16, layers and added animations by JaidynReiman",
      "authors": [
        "bluecarrot16",
        "JaidynReiman"
      ],
      "licenses": [
        "OGA-BY 3.0"
      ],
      "urls": [
        "https://opengameart.org/content/lpc-pirates",
        "https://opengameart.org/content/lpc-expanded-hats-facial-helmets"
      ]
    },
    {
      "fileName": "torso/clothes/longsleeve/longsleeves2/male/walk/maroon.png",
      "file": "torso/clothes/longsleeve/longsleeves2",
      "notes": "original by ElizaWy; spellcast/thrust/shoot/hurt/male/standalone sleeves adapted from original by JaidynReiman",
      "authors": [
        "ElizaWy",
        "JaidynReiman",
        "Stephen Challener (Redshrike)",
        "Johannes Sjölund (wulax)"
      ],
      "licenses": [
        "OGA-BY 3.0"
      ],
      "urls": [
        "http://opengameart.org/content/lpc-revised-character-basics",
        "https://github.com/ElizaWy/LPC/tree/main/Characters/Clothing",
        "https://opengameart.org/content/lpc-expanded-sit-run-jump-more",
        "https://opengameart.org/content/lpc-expanded-simple-shirts"
      ]
    },
    {
      "fileName": "torso/jacket/frock/male/walk/maroon.png",
      "file": "torso/jacket/frock",
      "notes": "",
      "authors": [
        "bluecarrot16"
      ],
      "licenses": [
        "CC-BY-SA 3.0"
      ],
      "urls": [
        "https://opengameart.org/content/lpc-pirates"
      ]
    },
    {
      "fileName": "torso/clothes/shortsleeve/shortsleeve/male/walk/navy.png",
      "file": "torso/clothes/shortsleeve/shortsleeve/male",
      "notes": "original by ElizaWy walkcycle only; extended to all animations by adapting from longsleeve, edited to v3 bases by bluecarrot16; cleanup and climb/jump/run/sit/emote/revised combat adapted from LPC Revised by JaidynReiman",
      "authors": [
        "bluecarrot16",
        "ElizaWy",
        "JaidynReiman",
        "Stephen Challener (Redshrike)"
      ],
      "licenses": [
        "OGA-BY 3.0",
        "CC-BY-SA 3.0",
        "GPL 3.0"
      ],
      "urls": [
        "https://opengameart.org/content/liberated-pixel-cup-lpc-base-assets-sprites-map-tiles",
        "http://opengameart.org/content/lpc-revised-character-basics",
        "http://opengameart.org/content/lpc-clothing-updates",
        "https://github.com/ElizaWy/LPC/tree/main/Characters/Clothing",
        "https://opengameart.org/content/lpc-expanded-sit-run-jump-more",
        "https://opengameart.org/content/lpc-expanded-simple-shirts"
      ]
    },
    {
      "fileName": "legs/formal/male/walk/orange.png",
      "file": "legs/formal",
      "notes": "Original pants by Stephen Challener (Redshrike), thrust/shoot bases by Wulax, Formal Pants by Bluecarrot16, climb/jump/run/sit/emotes/revised combat by JaidynReiman",
      "authors": [
        "bluecarrot16",
        "JaidynReiman",
        "ElizaWy",
        "Johannes Sjölund (wulax)",
        "Stephen Challener (Redshrike)"
      ],
      "licenses": [
        "OGA-BY 3.0",
        "CC-BY-SA 3.0",
        "GPL 3.0"
      ],
      "urls": [
        "https://opengameart.org/content/liberated-pixel-cup-lpc-base-assets-sprites-map-tiles",
        "https://opengameart.org/content/lpc-medieval-fantasy-character-sprites",
        "https://opengameart.org/content/lpc-2-characters",
        "https://opengameart.org/content/lpc-gentleman",
        "https://opengameart.org/content/lpc-expanded-pants"
      ]
    },
    {
      "fileName": "feet/boots/basic/male/walk/rose.png",
      "file": "feet/boots/basic",
      "notes": "original by Nila122, edited for male and v3 bases by bluecarrot16, Jump/Sit/Emote/Run/Revised Combat by JaidynReiman",
      "authors": [
        "JaidynReiman",
        "bluecarrot16",
        "Nila122"
      ],
      "licenses": [
        "OGA-BY 3.0",
        "CC-BY-SA 3.0",
        "GPL 2.0",
        "GPL 3.0"
      ],
      "urls": [
        "https://opengameart.org/content/lpc-clothes-and-hair",
        "https://opengameart.org/content/lpc-expanded-socks-shoes"
      ]
    },
    {
      "fileName": "weapon/sword/longsword/walk/longsword.png",
      "file": "weapon/sword/longsword",
      "notes": "",
      "authors": [
        "Johannes Sjölund (wulax)",
        "bluecarrot16"
      ],
      "licenses": [
        "OGA-BY 3.0",
        "CC-BY-SA 3.0"
      ],
      "urls": [
        "https://opengameart.org/content/lpc-medieval-fantasy-character-sprites",
        "https://opengameart.org/content/lpc-extended-weapon-animations"
      ]
    }
  ]
}