{
  "version": 2,
  "bodyType": "male",
  "selections": {
    "body": {
      "itemId": "body_skeleton",
      "variant": "skeleton",
      "name": "Skeleton (skeleton)"
    },
    "head": {
      "itemId": "heads_skeleton",
      "variant": "skeleton",
      "name": "Skeleton (skeleton)"
    },
    "expression": {
      "itemId": "face_neutral",
      "variant": "light",
      "name": "Neutral (light)"
    },
    "weapon": {
      "itemId": "weapon_sword_saber",
      "variant": "saber",
      "name": "Saber (saber)"
    }
  },
  "selectedAnimation": "walk",
  "showTransparencyGrid": true,
  "applyTransparencyMask": false,
  "matchBodyColorEnabled": true,
  "compactDisplay": false,
  "enabledLicenses": {
    "CC0": true,
    "CC-BY-SA": true,
    "CC-BY": true,
    "OGA-BY": true,
    "GPL": true
  },
  "enabledAnimations": {
    "spellcast": false,
    "thrust": false,
    "walk": false,
    "slash": false,
    "shoot": false,
    "hurt": false,
    "climb": false,
    "idle": false,
    "jump": false,
    "sit": false,
    "emote": false,
    "run": false,
    "watering": false,
    "combat": false,
    "1h_slash": false,
    "1h_backslash": false,
    "1h_halfslash": false
  },
  "url": "https://liberatedpixelcup.github.io/Universal-LPC-Spritesheet-Character-Generator/#sex=male&body=Skeleton_skeleton&head=Skeleton_skeleton&expression=Neutral_light&weapon=Saber_saber",
  "layers": [
    {
      "itemId": "weapon_sword_saber",
      "variant": "saber",
      "zPos": 9,
      "layerNum": 2,
      "yPos": 512,
      "isCustom": false,
      "fileName": "weapon/sword/saber/universal_behind/walk/saber.png",
      "supportedAnimations": [
        "walk",
        "hurt"
      ]
    },
    {
      "itemId": "body_skeleton",
      "variant": "skeleton",
      "zPos": 10,
      "layerNum": 1,
      "yPos": 0,
      "isCustom": false,
      "fileName": "body/bodies/skeleton/spellcast/skeleton.png",
      "supportedAnimations": [
        "spellcast",
        "thrust",
        "walk",
        "slash",
        "shoot",
        "hurt"
      ]
    },
    {
      "itemId": "heads_skeleton",
      "variant": "skeleton",
      "zPos": 100,
      "layerNum": 1,
      "yPos": 0,
      "isCustom": false,
      "fileName": "head/heads/skeleton/adult/spellcast/skeleton.png",
      "supportedAnimations": [
        "spellcast",
        "thrust",
        "walk",
        "slash",
        "shoot",
        "hurt",
        "climb",
        "idle",
        "jump",
        "sit",
        "emote",
        "run",
        "combat_idle",
        "backslash",
        "halfslash"
      ]
    },
    {
      "itemId": "face_neutral",
      "variant": "light",
      "zPos": 101,
      "layerNum": 1,
      "yPos": 0,
      "isCustom": false,
      "fileName": "head/faces/undefined/neutral/spellcast/light.png",
      "supportedAnimations": [
        "spellcast",
        "thrust",
        "walk",
        "slash",
        "shoot",
        "hurt",
        "climb",
        "idle",
        "jump",
        "sit",
        "emote",
        "run",
        "combat_idle",
        "backslash",
        "halfslash"
      ]
    },
    {
      "itemId": "weapon_sword_saber",
      "variant": "saber",
      "zPos": 140,
      "layerNum": 1,
      "yPos": 512,
      "isCustom": false,
      "fileName": "weapon/sword/saber/walk/saber.png",
      "supportedAnimations": [
        "walk",
        "hurt"
      ]
    }
  ],
  "credits": [
    {
      "fileName": "body/bodies/skeleton/walk/skeleton.png",
      "file": "body/bodies/skeleton",
      "notes": "",
      "authors": [
        "bluecarrot16",
        "Johannes Sjölund (wulax)",
        "Stephen Challener (Redshrike)"
      ],
      "licenses": [
        "OGA-BY 3.0",
        "CC-BY-SA 3.0",
        "GPL 3.0"
      ],
      "urls": [
        "https://opengameart.org/content/liberated-pixel-cup-lpc-base-assets-sprites-map-tiles",
        "https://opengameart.org/content/lpc-medieval-fantasy-character-sprites",
        "https://opengameart.org/content/lpc-skeleton",
        "https://opengameart.org/content/lpc-character-bases"
      ]
    },
    {
      "fileName": "head/heads/skeleton/adult/walk/skeleton.png",
      "file": "head/heads/skeleton",
      "notes": "",
      "authors": [
        "bluecarrot16",
        "Johannes Sjölund (wulax)",
        "Stephen Challener (Redshrike)"
      ],
      "licenses": [
        "OGA-BY 3.0",
        "CC-BY-SA 3.0",
        "GPL 3.0"
      ],
      "urls": [
        "https://opengameart.org/content/liberated-pixel-cup-lpc-base-assets-sprites-map-tiles",
        "https://opengameart.org/content/lpc-medieval-fantasy-character-sprites",
        "https://opengameart.org/content/lpc-skeleton",
        "https://opengameart.org/content/lpc-character-bases"
      ]
    },
    {
      "fileName": "head/faces/undefined/neutral/walk/light.png",
      "file": "head/faces",
      "notes": "Original by Redshrike, Expressions by ElizaWy, mapped to all frames by JaidynReiman",
      "authors": [
        "JaidynReiman",
        "ElizaWy",
        "Stephen Challener (Redshrike)"
      ],
      "licenses": [
        "OGA-BY 3.0"
      ],
      "urls": [
        "https://github.com/ElizaWy/LPC/tree/main/Characters/Head",
        "https://opengameart.org/content/ulpc-expanded-expressions"
      ]
    },
    {
      "fileName": "weapon/sword/saber/walk/saber.png",
      "file": "weapon/sword/saber",
      "notes": "",
      "authors": [
        "Daniel Eddeland (daneeklu)",
        "Johannes Sjölund (wulax)",
        "gr3yh47",
        "bluecarrot16"
      ],
      "licenses": [
        "CC-BY-SA 3.0"
      ],
      "urls": [
        "https://opengameart.org/content/lpc-medieval-fantasy-character-sprites",
        "https://opengameart.org/content/lpc-extended-weapon-animations"
      ]
    }
  ]
}