{
  "version": 2,
  "bodyType": "male",
  "selections": {
    "body": {
      "itemId": "body_skeleton",
      "variant": "skeleton",
      "name": "Skeleton (skeleton)"
    },
    "head": {
      "itemId": "heads_skeleton",
      "variant": "skeleton",
      "name": "Skeleton (skeleton)"
    },
    "expression": {
      "itemId": "face_neutral",
      "variant": "light",
      "name": "Neutral (light)"
    },
    "hat": {
      "itemId": "hat_hood_cloth",
      "variant": "green",
      "name": "Hood (green)"
    },
    "jacket_trim": {
      "itemId": "torso_jacket_frock_lace",
      "variant": "gold",
      "name": "Frock coat lace (gold)"
    },
    "cape": {
      "itemId": "cape_tattered",
      "variant": "green",
      "name": "Tattered (green)"
    },
    "weapon": {
      "itemId": "weapon_sword_longsword",
      "variant": "longsword",
      "name": "Longsword (longsword)"
    }
  },
  "selectedAnimation": "walk",
  "showTransparencyGrid": true,
  "applyTransparencyMask": false,
  "matchBodyColorEnabled": true,
  "compactDisplay": false,
  "enabledLicenses": {
    "CC0": true,
    "CC-BY-SA": true,
    "CC-BY": true,
    "OGA-BY": true,
    "GPL": true
  },
  "enabledAnimations": {
    "spellcast": false,
    "thrust": false,
    "walk": false,
    "slash": false,
    "shoot": false,
    "hurt": false,
    "climb": false,
    "idle": false,
    "jump": false,
    "sit": false,
    "emote": false,
    "run": false,
    "watering": false,
    "combat": false,
    "1h_slash": false,
    "1h_backslash": false,
    "1h_halfslash": false
  },
  "url": "https://liberatedpixelcup.github.io/Universal-LPC-Spritesheet-Character-Generator/#sex=male&body=Skeleton_skeleton&head=Skeleton_skeleton&expression=Neutral_light&hat=Hood_green&jacket_trim=Frock_coat_lace_gold&cape=Tattered_green&weapon=Longsword_longsword",
  "layers": [
    {
      "itemId": "cape_tattered",
      "variant": "green",
      "zPos": 5,
      "layerNum": 2,
      "yPos": 0,
      "isCustom": false,
      "fileName": "cape/tattered_behind/spellcast/green.png",
      "supportedAnimations": [
        "spellcast",
        "thrust",
        "walk",
        "slash",
        "shoot",
        "hurt"
      ]
    },
    {
      "itemId": "weapon_sword_longsword",
      "variant": "longsword",
      "zPos": 9,
      "layerNum": 2,
      "yPos": 512,
      "isCustom": false,
      "fileName": "weapon/sword/longsword/universal_behind/walk/longsword.png",
      "supportedAnimations": [
        "walk",
        "hurt"
      ]
    },
    {
      "itemId": "body_skeleton",
      "variant": "skeleton",
      "zPos": 10,
      "layerNum": 1,
      "yPos": 0,
      "isCustom": false,
      "fileName": "body/bodies/skeleton/spellcast/skeleton.png",
      "supportedAnimations": [
        "spellcast",
        "thrust",
        "walk",
        "slash",
        "shoot",
        "hurt"
      ]
    },
    {
      "itemId": "torso_jacket_frock_lace",
      "variant": "gold",
      "zPos": 58,
      "layerNum": 1,
      "yPos": 0,
      "isCustom": false,
      "fileName": "torso/jacket/trim/frock_lace/spellcast/gold.png",
      "supportedAnimations": [
        "spellcast",
        "thrust",
        "walk",
        "slash",
        "shoot",
        "hurt"
      ]
    },
    {
      "itemId": "cape_tattered",
      "variant": "green",
      "zPos": 85,
      "layerNum": 1,
      "yPos": 0,
      "isCustom": false,
      "fileName": "cape/tattered/female/spellcast/green.png",
      "supportedAnimations": [
        "spellcast",
        "thrust",
        "walk",
        "slash",
        "shoot",
        "hurt"
      ]
    },
    {
      "itemId": "heads_skeleton",
      "variant": "skeleton",
      "zPos": 100,
      "layerNum": 1,
      "yPos": 0,
      "isCustom": false,
      "fileName": "head/heads/skeleton/adult/spellcast/skeleton.png",
      "supportedAnimations": [
        "spellcast",
        "thrust",
        "walk",
        "slash",
        "shoot",
        "hurt",
        "climb",
        "idle",
        "jump",
        "sit",
        "emote",
        "run",
        "combat_idle",
        "backslash",
        "halfslash"
      ]
    },
    {
      "itemId": "face_neutral",
      "variant": "light",
      "zPos": 101,
      "layerNum": 1,
      "yPos": 0,
      "isCustom": false,
      "fileName": "head/faces/undefined/neutral/spellcast/light.png",
      "supportedAnimations": [
        "spellcast",
        "thrust",
        "walk",
        "slash",
        "shoot",
        "idle",
        "jump",
        "sit",
        "emote",
        "run",
        "combat_idle",
        "backslash",
        "halfslash"
      ]
    },
    {
      "itemId": "hat_hood_cloth",
      "variant": "green",
      "zPos": 130,
      "layerNum": 1,
      "yPos": 0,
      "isCustom": false,
      "fileName": "hat/cloth/hood/adult/spellcast/green.png",
      "supportedAnimations": [
        "spellcast",
        "thrust",
        "walk",
        "slash",
        "shoot",
        "hurt",
        "climb",
        "idle",
        "jump",
        "sit",
        "emote",
        "run",
        "combat_idle",
        "backslash",
        "halfslash"
      ]
    },
    {
      "itemId": "weapon_sword_longsword",
      "variant": "longsword",
      "zPos": 140,
      "layerNum": 1,
      "yPos": 512,
      "isCustom": false,
      "fileName": "weapon/sword/longsword/walk/longsword.png",
      "supportedAnimations": [
        "walk",
        "hurt"
      ]
    }
  ],
  "credits": [
    {
      "fileName": "body/bodies/skeleton/walk/skeleton.png",
      "file": "body/bodies/skeleton",
      "notes": "",
      "authors": [
        "bluecarrot16",
        "Johannes Sjölund (wulax)",
        "Stephen Challener (Redshrike)"
      ],
      "licenses": [
        "OGA-BY 3.0",
        "CC-BY-SA 3.0",
        "GPL 3.0"
      ],
      "urls": [
        "https://opengameart.org/content/liberated-pixel-cup-lpc-base-assets-sprites-map-tiles",
        "https://opengameart.org/content/lpc-medieval-fantasy-character-sprites",
        "https://opengameart.org/content/lpc-skeleton",
        "https://opengameart.org/content/lpc-character-bases"
      ]
    },
    {
      "fileName": "head/heads/skeleton/adult/walk/skeleton.png",
      "file": "head/heads/skeleton",
      "notes": "",
      "authors": [
        "bluecarrot16",
        "Johannes Sjölund (wulax)",
        "Stephen Challener (Redshrike)"
      ],
      "licenses": [
        "OGA-BY 3.0",
        "CC-BY-SA 3.0",
        "GPL 3.0"
      ],
      "urls": [
        "https://opengameart.org/content/liberated-pixel-cup-lpc-base-assets-sprites-map-tiles",
        "https://opengameart.org/content/lpc-medieval-fantasy-character-sprites",
        "https://opengameart.org/content/lpc-skeleton",
        "https://opengameart.org/content/lpc-character-bases"
      ]
    },
    {
      "fileName": "head/faces/undefined/neutral/walk/light.png",
      "file": "head/faces",
      "notes": "Original by Redshrike, Expressions by ElizaWy, mapped to all frames by JaidynReiman",
      "authors": [
        "JaidynReiman",
        "ElizaWy",
        "Stephen Challener (Redshrike)"
      ],
      "licenses": [
        "OGA-BY 3.0"
      ],
      "urls": [
        "https://github.com/ElizaWy/LPC/tree/main/Characters/Head",
        "https://opengameart.org/content/ulpc-expanded-expressions"
      ]
    },
    {
      "fileName": "hat/cloth/hood/adult/walk/green.png",
      "file": "hat/cloth/hood",
      "notes": "Brown hood by Wulax, original black/white recolors by ??, mapped to idle/run/jump/revised combat by JaidynReiman, along with additional recolors.",
      "authors": [
        "Johannes Sjölund (wulax)",
        "JaidynReiman"
      ],
      "licenses": [
        "OGA-BY 3.0",
        "CC-BY-SA 3.0",
        "GPL 3.0"
      ],
      "urls": [
        "https://opengameart.org/content/lpc-medieval-fantasy-character-sprites",
        "https://opengameart.org/content/lpc-expanded-hats-facial-helmets"
      ]
    },
    {
      "fileName": "torso/jacket/trim/frock_lace/walk/gold.png",
      "file": "torso/jacket/trim",
      "notes": "",
      "authors": [
        "bluecarrot16"
      ],
      "licenses": [
        "OGA-BY 3.0"
      ],
      "urls": [
        "https://opengameart.org/content/lpc-pirates"
      ]
    },
    {
      "fileName": "cape/tattered/female/walk/green.png",
      "file": "cape/tattered",
      "notes": "",
      "authors": [
        "Nila122",
        "JaidynReiman"
      ],
      "licenses": [
        "OGA-BY 3.0",
        "CC-BY-SA 3.0",
        "GPL 3.0"
      ],
      "urls": [
        "https://opengameart.org/content/lpc-curly-hair-elven-ears-white-cape-with-blue-trim-and-more",
        "https://opengameart.org/content/lpc-roman-armor"
      ]
    },
    {
      "fileName": "cape/tattered_behind/walk/green.png",
      "file": "cape/tattered_behind",
      "notes": "",
      "authors": [
        "Nila122",
        "JaidynReiman"
      ],
      "licenses": [
        "OGA-BY 3.0",
        "CC-BY-SA 3.0",
        "GPL 3.0"
      ],
      "urls": [
        "https://opengameart.org/content/lpc-curly-hair-elven-ears-white-cape-with-blue-trim-and-more",
        "https://opengameart.org/content/lpc-roman-armor"
      ]
    },
    {
      "fileName": "weapon/sword/longsword/walk/longsword.png",
      "file": "weapon/sword/longsword",
      "notes": "",
      "authors": [
        "Johannes Sjölund (wulax)",
        "bluecarrot16"
      ],
      "licenses": [
        "OGA-BY 3.0",
        "CC-BY-SA 3.0"
      ],
      "urls": [
        "https://opengameart.org/content/lpc-medieval-fantasy-character-sprites",
        "https://opengameart.org/content/lpc-extended-weapon-animations"
      ]
    }
  ]
}